nom_entreprise;open_jan_2018;close_jan_2018;open_fev_2018;close_fev_2018;open_mar_2018;close_mar_2018;open_avr_2018;close_avr_2018
MMM;235.78;250.5;247.44;235.51;236.15;219.52;218.05;194.39
AOS;61.45;66.78;66.99;64.19;64.19;63.59;63.45;61.35
ABT;58.2;62.16;61.75;60.33;60.16;59.92;59.82;58.13
ABBV;97.14;112.22;112.24;115.83;115.91;94.65;94;96.55
ACN;153.5;160.7;160.155;161.01;161.28;153.5;151.82;151.2
ATVI;63.54;74.13;73.48;73.13;73.16;67.46;66.8;66.35
AYI;176.67;154.44;153.8;142.58;142.84;139.19;138.16;119.77
ADBE;175.85;199.76;199.12;209.13;210.32;216.08;214.81;221.6
AAP;100.9;116.99;116.24;114.25;114.24;118.55;118.61;114.45
AMD;10.42;13.74;13.62;12.11;12.26;10.05;9.99;10.88
AES;10.87;11.56;11.59;10.87;10.92;11.37;11.38;12.24
AET;180.94;186.82;186.52;177.06;177.06;169;169.01;179.05
AMG;206.52;199.63;198.39;189.36;189.17;189.58;187.53;164.86
AFL;44.18;44.1;44.29;44.44;44.5;43.76;43.85;45.57
A;67.42;73.43;73.18;68.59;68.47;66.9;66.65;65.74
APD;164.88;168.37;167.21;160.79;160.69;159.03;158.95;162.29
AKAM;65.13;66.99;66.42;67.46;67.44;70.98;70.81;71.65
ALK;74.04;;65.54;64.5;64.29;61.96;61.67;64.93
ALB;128.93;111.59;110.92;100.43;101.27;92.74;92.05;96.96
ARE;131;129.7;129.7;121.31;120.81;124.89;124.84;124.57
ALXN;121.63;119.32;118.45;117.45;116.06;111.46;110.41;117.63
ALGN;222.61;262;261.59;262.52;255;251.13;251;249.85
ALLE;80.07;86.11;85.84;84.11;84.15;85.29;85.28;77.18
AGN;164.05;180.26;179.98;154.22;150.76;168.29;167.35;153.65
ADS;254.29;256.66;256.26;240.96;241.06;212.86;212.85;203.05
LNT;42.62;39.75;39.74;38.65;38.71;40.86;40.95;42.95
ALL;104.07;98.77;98.57;92.26;92.33;94.8;95.94;97.82
GOOGL;1053.02;1182.22;1175.99;1103.92;1109.54;1037.14;1027.62;1018.58
GOOG;1048.34;1169.94;1162.61;1104.73;1107.87;1031.79;1022.82;1017.33
MO;71.51;70.34;69.9;62.95;62.75;62.32;62.52;56.11
AMZN;1172;1450.89;1445;1512.45;1513.6;1447.34;1417.62;1566.13
AEE;58.98;56.63;56.62;54.3;54.28;56.63;57.08;58.62
AAL;52.33;54.32;54;54.25;54.14;51.96;51.77;42.93
AEP;73.18;68.78;68.74;65.58;65.65;68.59;68.79;69.98
AXP;99.73;99.4;98.95;97.51;97.82;93.28;93.14;98.75
AIG;60;63.92;63.74;57.34;57.34;54.42;54.23;56
AMT;143.16;147.70;148.02;139.33;139.00;145.34;145.73;136.36
AWK;91;83.17;83.28;79.36;79.28;82.13;82.29;86.58
AMP;170.64;168.7;168.61;156.44;156.33;147.94;147.59;140.21
ABC;92.15;99.67;97.74;95.16;94.84;86.21;86.1;90.58
AME;72.89;76.3;77.31;75.74;75.75;75.97;75.97;69.8
AMGN;175.35;186.05;185.00;183.77;184.21;170.48;169.92;174.48
APH;88.47;92.77;91.4;91.39;91.15;86.13;86.13;83.71
APC;54.13;60.05;60.58;57.04;57.19;60.41;60.09;67.32
ADI;89.24;91.88;91.25;90.15;89.89;91.13;90.47;87.35
ANDV;114.92;108.16;108.1;89.62;89.64;100.56;100.5;138.32
ANSS;148.15;161.65;160.97;159.94;160.42;156.69;156.66;161.66
ANTM;225;247.85;247.42;235.38;234.65;219.7;221.36;235.99
AON;134.25;142.17;142;140.32;140.12;140.33;140.89;142.47
APA;42.65;44.87;45.02;34.15;34.24;38.48;38.18;40.95
AIV;43.79;41.84;41.91;38.66;38.49;40.75;40.75;40.6
AAPL;170.16;167.43;167.165;178.12;178.54;167.78;166.64;165.26
AMAT;51.68;53.63;53.16;57.59;57.54;55.61;55.27;49.67
APTV;84.89;94.88;90.83;91.33;91.12;;84.59;84.58
ADM;40.2;42.95;42.77;41.52;41.5;43.37;43.33;45.38
ARNC;27.31;30.06;29.75;24.39;24.46;23.04;22.94;17.81
AJG;63.55;68.32;68.3;69.11;68.89;68.73;68.65;69.99
AIZ;101.44;91.48;91.4;85.47;85.72;91.41;90.82;92.82
T;39.06;37.45;38.51;36.3;36.31;35.65;35.58;32.7
ADSK;105.34;115.62;114.72;117.47;117.95;125.58;124.56;125.9
ADP;116.03;123.63;122.59;115.32;115.33;113.48;115.25;118.08
AZO;716.54;765.44;761.32;664.72;664.82;648.69;642.06;624.52
AVB;178.59;170.4;169.91;156.02;155.18;164.46;164.3;163
AVY;115.15;122.68;119.6;118.15;118.21;106.25;106.11;104.81
BHGE;31.71;32.15;32.5;26.4;26.45;27.77;28.11;36.11
BLL;38.12;38.28;38.12;39.95;40.05;39.71;39.56;40.09
BAC;29.75;32;32;32.1;32.07;29.99;29.8;29.92
BAX;66.09;72.03;69.58;67.79;67.6;65.04;64.92;69.5
BBT;50;55.19;55.03;54.35;54.32;52.04;51.87;52.8
BDX;215.09;242.94;241.08;222.02;221.60;216.7;215.99;231.87
BRKb;3950;3990;3985.01;3966.28;3970.01;3540;3580.1;3640
BBY;68.26;73.06;72.57;72.44;74.45;69.99;69.87;76.53
BIIB;321.15;347.81;348.18;288.99;288.11;273.82;272.02;273.6
BLK;518.78;561.8;561.41;549.43;548.6;541.72;537.76;521.5
HRB;26.45;26.54;26.52;25.33;25.33;25.41;25.3;27.65
BA;295.75;354.37;352.95;362.21;362.33;327.88;325.2;333.56
BKNG;;;;2034.04;2034.61;2080.39;2070.43;2178
BWA;51.38;56.26;55.73;49.08;49.11;50.23;50.1;48.94
BXP;130.39;123.71;123.59;118.87;117.87;123.22;123.44;121.41
BSX;24.94;27.96;27.43;27.26;27.3;27.32;27.21;28.72
BHF;58.12;64.26;63.71;54.27;54.16;51.4;50.88;50.78
BMY;61.4;62.6;62.18;66.2;66.1;63.25;62.93;52.13
AVGO;259.77;248.03;241.72;246.46;245.86;235.65;233.95;229.42
BFb;55.18;55.44;55.21;55.83;55.45;54.40;54.12;56.04
CHRW;89.74;91.46;91.25;93.36;92.71;93.71;93.53;92.03
CA;33.46;35.85;35.74;35.1;35.21;33.9;33.72;34.8
COG;28.31;26.35;26.29;24.16;24.17;23.98;23.85;23.91
CDNS;42;44.86;44.4;38.77;38.84;36.77;36.69;40.06
CPB;48.2;46.55;46.46;43.05;42.55;43.31;43.31;40.78
COF;100.08;103.96;103.77;97.93;98.01;95.82;95.53;90.62
CAH;61.7;71.79;70.61;69.21;69.27;62.68;63.25;64.17
KMX;64.26;71.37;71;61.92;62.2;61.94;61.52;62.5
CCL;67.22;71.61;71.93;66.91;66.61;65.58;65.68;63.06
CAT;158.3;162.78;161.24;154.63;153.67;147.38;146.44;144.36
CBOE;124.88;134.39;134.17;112.01;111.63;114.1;114.08;106.78
CBRE;43.68;45.69;45.5;46.75;46.76;47.22;47.03;45.31
CBS;58.19;57.61;57.66;52.97;53.05;51.39;51.4;49.2
CELG;105.29;101.16;100.54;87.12;87.39;89.21;88.8;87.1
CNC;100.7;107.24;106.99;101.42;101.38;106.87;107.47;108.58
CNP;28.39;28.18;28.17;27.05;27.05;27.4;27.47;25.33
CTL;16.85;17.81;17.8;17.67;17.87;16.43;16.43;18.58
CERN;67.55;69.13;68.89;64.16;64.27;58;57.48;58.25
CF;42.86;42.44;42.18;41.24;41.38;37.73;37.61;38.8
SCHW;51.55;53.34;53.28;53.02;52.9;52.22;52;55.68
CHTR;338.43;377.25;376.11;341.93;342.72;311.22;308.91;271.29
CVX;125.71;125.35;125.6;111.92;111.53;114.04;113.89;125.11
CMG;290.9;324.76;314.06;318.41;318.26;323.11;322.24;423.33
CB;146.42;156.15;155.84;141.92;142.03;136.77;136.64;135.67
CHD;50.07;48.85;48.91;49.19;49.1;50.36;50.32;46.2
CI;204.14;208.35;207.32;195.89;195.41;167.74;168.85;171.82
XEC;122.74;112.2;113.04;96.09;95.97;93.5;93.2;100.59
CINF;75.37;76.9;76.63;74.59;74.8;74.26;74.06;70.34
CTAS;157.26;168.45;167.87;170.66;171.27;170.58;170.11;170.3
CSCO;38.67;41.54;41.09;44.78;44.68;42.89;42.52;44.29
C;75.09;78.48;78.27;75.49;75.5;67.5;68.33;68.27
CFG;42.35;45.9;45.91;43.49;43.54;41.98;41.94;41.49
CTXS;88.58;92.76;92.02;92;92.33;92.8;91.89;102.91
CME;146.12;153.48;155.4;166.16;166.37;161.74;161.62;157.68
CMS;47.39;44.75;44.71;42.45;42.49;45.29;45.42;47.19
KO;45.91;47.59;47.41;43.22;43.1;43.43;43.44;43.21
CTSH;71.16;77.98;77.91;82.02;82.24;80.5;80.46;81.82
CL;75.43;74.24;74.33;68.97;68.87;71.68;71.32;65.23
CMCSA;40.86;42.53;42.165;36.21;36.44;34.17;34.09;31.39
CMA;87.36;95.22;95.16;97.22;97.22;95.93;95.62;94.58
CAG;37.68;38;37.9;36.13;36.06;36.88;36.8;37.07
CXO;150.87;157.44;158.03;150.8;151.18;150.33;149.63;157.21
COP;55.09;58.81;59;54.31;54.5;59.29;59.27;65.5
ED;84.75;80.36;80.39;74.89;74.91;77.94;78.17;80.13
STZ;229;219.47;219.19;215.48;216.24;227.92;229.48;233.13
GLW;32.32;31.22;31.04;29.08;29.2;27.88;27.78;27.02
COST;187.23;194.87;193.41;190.9;191.31;188.43;186.91;197.16
COTY;19.95;19.61;19.55;19.32;19.15;18.3;18.24;17.35
CCI;110.53;112.77;112.91;110.06;108.1;109.61;109.59;100.87
CSX;55.63;56.77;56.1;53.72;53.95;55.71;55.48;59.39
CMI;177.51;188;187.67;168.17;168;162.09;161.51;159.86
CVS;73.06;78.69;78.3;67.73;67.7;62.21;62.06;69.83
DHI;51.37;49.05;48.46;41.90;42.14;43.84;43.62;44.14
DHR;93.18;101.28;100.92;97.78;97.75;97.91;97.62;100.32
DRI;96.78;95.85;95.4;92.19;92.39;85.25;86.01;92.86
DVA;72.27;78.04;77.53;72.02;71.88;65.94;65.96;62.79
DE;156.67;166.42;165.99;160.87;160.75;155.32;154.38;135.33
DAL;56.29;56.77;56.51;53.9;53.87;54.81;54.59;52.22
XRAY;66;60.81;60.55;56.06;55.49;50.31;50.1;50.34
DVN;41.79;41.37;41.68;30.67;30.66;31.79;31.65;36.33
DLR;114.04;111.95;111.96;100.64;100.05;105.38;105.56;105.69
DFS;77.24;79.8;79.51;78.83;78.64;71.93;71.41;71.25
DISCA;22.96;25.07;24.92;24.32;24.49;21.43;21.66;23.65
DISCK;21.48;23.86;23.69;22.98;22.95;19.52;19.63;22.22
DISH;48.41;46.9;46.75;41.69;41.63;37.89;37.66;33.55
DG;93.56;103.12;102.18;94.59;94.57;93.55;93.23;96.53
DLTR;107.99;115;113.6;102.64;102.94;94.9;94.74;95.89
D;81.2;76.44;76.46;74.07;73.27;67.43;67.63;66.56
DOV;101.45;106.21;105.7;100.1;99.96;98.22;97.93;92.7
DWDP;71.57;75.58;74.68;70.3;70.14;63.71;63.57;63.24
DPS;97.37;119.35;119.1;116.25;116;118.38;118.47;119.96
DTE;109.68;105.64;105.76;100.78;100.85;104.4;104.68;105.4
DUK;84.28;78.5;78.32;75.34;75.35;77.47;77.55;80.16
DRE;27.24;26.41;26.68;24.77;24.66;26.48;26.55;27.1
DXC;94.9;99.55;98.95;102.54;102.86;100.53;100.64;103.06
ETFC;50.16;52.7;52.38;52.23;52.24;55.41;55.12;60.68
EMN;93.43;99.18;98.63;101.08;101.11;105.58;105.38;102.08
ETN;79.23;83.97;86.93;80.7;81.1;79.91;79.47;75.03
EBAY;38.17;40.58;45.5;42.86;43.01;40.24;40.04;37.88
ECL;134.2;137.68;137.3;130.45;129.9;137.07;136.71;144.77
EIX;63.63;62.53;62.45;60.59;60.65;63.66;63.79;65.52
EW;111.68;126.58;126.49;133.67;133.64;139.52;139.24;127.36
EA;106.15;126.96;126.75;123.7;124.54;121.24;120.48;117.98
EMR;70.06;72.23;71.43;71.06;70.96;68.3;68.05;66.41
ETR;81.71;78.69;78.47;75.82;75.87;78.78;78.96;81.59
EVHC;34.56;35.99;35.64;38.5;38.75;38.43;38.44;37.17
EOG;108.67;115;115.28;101.42;101.79;105.27;104.94;118.17
EQT;57.51;54.29;54.17;50.31;50.58;47.51;47.16;50.19
EFX;118.17;124.93;124.85;113;113.29;117.81;117.7;112.05
EQIX;453.53;455.19;452.69;392.1;393.01;418.14;419.12;420.79
EQR;63.97;61.61;61.46;56.23;56.08;61.62;61.48;61.71
ESS;241.96;232.98;233.03;223.83;222.87;240.68;240.64;239.69
EL;127.64;134.96;135.13;138.44;138.26;149.72;149.43;148.09
RE;222.64;229.8;228.77;240.24;241.27;256.82;257.77;232.67
ES;63.18;63.09;63.14;57;57;58.92;59.05;60.25
EXC;39.54;38.51;38.53;37.04;37.18;39.01;39.1;39.68
EXPE;120.64;128.01;127.25;105.17;104.99;110.41;109.58;115.14
EXPD;66.25;64.95;64.48;64.96;64.89;63.3;63.17;63.86
ESRX;74.99;79.18;77.03;75.45;75.26;69.08;68.89;75.7
EXR;87.75;83.48;83.54;85.05;85.12;87.36;87.49;89.59
XOM;83.82;87.3;87.5;75.74;75.53;74.61;74.27;77.75
FFIV;131.64;144.54;144.57;148.52;148.81;144.61;143.93;163.09
FB;177.68;186.89;188.22;178.32;179.01;159.79;157.81;172
FAST;55.13;54.96;54.58;54.72;54.7;54.59;54.05;49.99
FRT;133.08;120.8;120.79;113.94;113.45;116.11;116.21;115.85
FDX;250.83;262.48;258.15;246.41;246.35;240.11;239.19;247.2
FIS;94.31;102.36;102.3;97.18;97.25;96.3;95.9;94.97
FITB;31.19;33.1;33.15;33.05;33.02;31.75;31.67;33.17
FE;30.72;32.9;32.9;32.33;32.34;34.01;34.02;34.4
FISV;65.98;70.42;70.34;71.7;71.92;71.31;71.04;70.86
FLIR;46.77;51.21;51.05;49.1;49.23;50.01;50.05;53.55
FLS;42.45;45.32;45;42.35;42.39;43.33;42.99;44.41
FLR;51.8;60.7;60.43;56.9;56.83;57.22;56.97;58.95
FMC;95.38;91.33;90.97;78.48;78.48;76.57;76.92;79.73
FL;47.45;49.15;48.75;45.91;45.9;45.54;45.47;43.08
F;12.52;10.97;10.95;10.61;10.65;11.08;11.06;11.24
FTV;72.99;76.02;75.52;76.8;77.06;77.52;77.19;70.31
FBHS;68.71;70.93;70.79;60.66;60.68;58.89;58.9;54.69
BEN;43.77;42.41;42.09;38.67;38.73;34.68;34.39;33.64
FCX;19.05;19.5;19.45;18.6;18.75;17.57;17.57;15.21
GPS;34.15;33.24;32.82;31.58;31.39;31.2;31.17;29.24
GRMN;59.64;62.94;62.79;59.24;59.15;58.93;58.79;58.67
IT;123.24;138.74;138.71;113.41;113.51;117.62;117.65;121.29
GD;203.54;222.48;222.39;222.45;222.98;220.9;220.51;201.31
GE;17.58;16.17;16.06;14.11;14.16;13.48;13.45;14.07
GGP;23.47;23.03;23.08;21.17;21.04;20.46;20.46;19.99
GIS;59.43;58.49;58.9;50.55;50.6;45.06;45;43.74
GM;41.24;42.41;42.12;39.35;39.59;36.34;36.1;36.74
GPC;95.54;104.07;103.38;91.84;91.73;89.84;89.4;88.32
GILD;72.19;83.8;83.2;78.73;78.94;75.39;74.93;72.23
GPN;100.69;111.78;111.67;113.39;113.62;111.52;111.45;113.05
GS;257.77;267.89;266.15;262.93;262.61;251.86;251.26;238.33
GT;32.42;34.82;34.64;28.94;28.82;26.58;26.58;25.11
GWW;237.05;269.66;267.03;261.55;260.97;282.27;281.03;281.35
HAL;48.92;53.7;53.63;46.42;45.93;46.94;46.69;52.99
HBI;21;21.72;21.5;19.4;19.51;18.42;18.26;18.47
HOG;51.18;48.46;47.77;45.38;45.67;42.88;42.82;41.13
HRS;142.04;159.38;158.87;156.15;156.4;161.28;160.98;156.42
HIG;56.34;58.76;58.6;52.85;52.75;51.52;51.39;53.84
HAS;91.56;94.57;94.34;95.57;96.06;84.3;83.97;88.09
HCA;88;101.16;100.75;99.25;99.5;97;97.33;95.74
HCP;26.08;24.08;24.13;21.64;21.6;23.23;23.26;23.36
HP;65.17;72.03;72.4;64.55;64.43;66.56;65.8;69.55
HSIC;70.36;75.68;75.22;66.19;64.99;67.21;66.93;76
HES;47.97;50.51;50.57;45.42;45.36;50.62;50.24;56.99
HPE;14.43;16.4;16.4;18.59;18.7;17.54;17.48;17.05
HLT;80.28;85.65;85.33;80.79;80.51;78.76;78.72;78.84
HOLX;42.75;42.7;42.5;38.83;38.82;37.36;37.24;38.79
HD;190.21;200.9;199.34;182.27;182.75;178.24;177.15;184.8
HON;153.82;159.67;159;151.11;151.33;144.51;143.84;144.68
HRL;36.53;34.33;34.11;32.46;32.41;34.32;34.15;36.25
HST;19.97;20.76;20.76;18.56;18.51;18.64;18.66;19.56
HPQ;21.18;23.32;23.22;23.39;23.47;21.92;21.84;21.49
HUM;249.36;281.83;281.79;271.82;271.63;268.83;282.06;294.18
HBAN;14.71;16.18;16.14;15.7;15.72;15.1;15.07;14.91
HII;235.46;237.54;237.63;262.01;262.96;257.76;257.88;243.21
IDXX;157.59;187.04;189.53;187.23;187.39;191.39;191.29;194.49
INFO;45.95;47.73;47.65;47.05;47.01;48.24;48.14;49.13
ITW;167.31;173.67;172.6;161.44;161.56;156.66;155.7;142.02
ILMN;224.78;232.64;232;228.02;227.41;236.42;235.83;240.93
INCY;97.36;90.29;90.52;85.16;84.88;83.33;82.81;61.94
IR;89.73;94.63;94.35;88.8;88.98;85.51;85.15;83.89
INTC;46.38;48.14;47.695;49.29;49.5;52.08;51.69;51.62
ICE;70.77;73.84;74.01;73.08;73.04;72.52;72.49;72.46
IBM;154.5;163.7;163.19;155.83;155.53;153.43;153.34;144.96
IP;58.7;62.86;62.89;59.59;59.64;53.43;53.18;51.56
IPG;19.32;21.89;21.75;23.4;23;23.03;23.04;23.59
IFF;153.04;150.3;149.48;141.25;141.41;136.91;136.83;141.26
INTU;158.22;167.9;167.56;166.86;167.4;173.35;173.01;184.79
ISRG;367.89;431.67;432.61;426.45;428.44;412.83;412.26;440.78
IVZ;36.84;36.13;36.25;32.54;32.55;32.01;31.81;28.97
IPGP;214.14;251.95;251.39;245.64;245.01;233.38;232.64;213.03
IQV;98.52;102.19;102.12;98.33;98.43;98.11;98.18;95.76
IRM;37.8;35.03;34.94;31.46;31.36;32.86;32.87;33.94
JBHT;115.96;120.83;120.01;118.57;118.53;117.15;118.27;117.43
JEC;66.5;69.46;69.09;61.06;60.91;59.15;58.83;58.09
SJM;124.38;126.89;126.47;126.3;126.05;124.01;123.75;114.08
JNJ;139.66;138.19;137.53;129.88;129.11;128.15;127.82;126.49
JCI;38.32;39.13;38.79;36.87;36.87;35.24;35.06;33.87
JPM;107.63;115.67;115.77;115.5;115.48;109.97;109.96;108.78
JNPR;28.73;26.15;25.96;25.66;25.65;24.33;24.31;24.59
KSU;106.28;113.13;112.8;103.04;103.11;109.85;109.07;106.63
K;68.03;68.11;68;66.2;66.81;65.01;64.97;58.9
KEY;20.32;21.4;21.37;21.13;21.18;19.55;19.56;19.92
KMB;120.81;117;116.85;110.92;111;110.13;109.75;103.54
KIM;18.24;15.91;15.9;14.96;14.88;14.4;14.15;14.51
KMI;18.32;17.98;18.02;16.2;16.18;15.06;15.02;15.82
KLAC;105.76;109.8;109.27;113.31;112.92;109.01;108.31;101.74
KSS;54.79;64.77;64.48;66.09;64.78;65.51;65.26;62.12
KHC;78.22;78.39;78.12;67.05;67.14;62.29;61.94;56.38
KR;27.54;30.36;30.21;27.12;27.29;23.94;23.92;25.19
LB;61.25;50.09;49.54;49.33;44.77;38.21;38.31;34.91
LLL;198.47;212.46;211.84;207.55;208.06;208;207.03;195.88
LH;160;174.50;173.87;172.7;172.31;161.75;162.27;170.75
LRCX;185.15;191.52;190;191.86;192.49;203.16;201.49;185.06
LEG;47.93;46.51;46.27;43.46;43.52;44.36;44.21;40.55
LEN;63.93;62.66;62.2;56.58;56.84;58.94;58.71;52.89
LUK;48.21;52.9;53.36;54.74;54.68;56.06;55.82;55.28
LLY;84.46;81.45;81.54;77.02;77.06;77.37;76.88;81.07
LNC;77.99;82.8;83.59;76.17;76.23;73.06;72.6;70.64
LKQ;41.04;42.03;41.73;39.48;39.47;37.95;37.83;31.02
LMT;322;354.85;354.26;352.44;352.46;337.93;337.06;320.84
L;50.24;51.65;51.57;49.33;49.34;49.73;49.68;52.46
LOW;93.02;104.73;103.84;89.59;89.57;87.75;87.35;82.43
LYB;111.05;119.84;119.1;108.22;108.29;105.68;105.41;105.73
MTB;172.48;190.78;190.17;189.84;190.6;184.36;183.4;182.27
MAC;66.08;64.57;64.57;58.94;58.93;56.02;55.99;57.62
M;25.81;25.95;25.75;29.41;29.42;29.74;29.75;31.07
MRO;17.11;18.19;18.25;14.52;14.55;16.13;16.01;18.25
MPC;66.11;69.27;69.77;64.06;64.27;73.11;72.95;74.91
MAR;135.89;147.34;146.6;141.21;141.21;135.98;134.96;136.68
MMC;81.84;83.52;83.58;83.02;82.85;82.59;82.37;81.5
MLM;222.62;228.17;226.58;203.93;204.49;207.3;205.88;194.77
MAS;44.05;44.66;44.38;41.12;41.11;40.44;40.36;37.87
MA;152.01;169;172.51;175.76;176.35;175.16;174.64;178.27
MAT;15.42;15.84;15.74;15.9;15.9;13.15;13.14;14.8
MKC;102.01;108.77;108.71;106.78;106.32;106.39;106.43;105.41
MCD;173.73;171.14;170.27;157.74;157.8;156.38;158.27;167.44
MCK;156.91;168.88;164.39;149.23;149.51;140.87;140.26;156.21
MDT;82.16;85.89;85.38;79.89;79.79;80.22;79.79;80.13
MRK;56.59;59.25;59.17;54.22;54.26;54.47;54.4;58.87
MET;50.81;48.07;48.01;46.19;46.23;45.89;45.85;47.67
MTD;622.44;675.26;676;616.22;618.1;575.03;575;559.93
MGM;32.99;36.45;36.49;34.23;34.31;35.02;35.23;31.42
KORS;63.18;66;65.32;62.93;62.88;62.08;61.84;68.42
MCHP;88.58;95.22;94.91;88.93;89.02;91.36;90.99;83.66
MU;41.54;43.72;43.04;48.81;48.77;52.14;51.54;45.98
MSFT;86.125;95.01;94.79;93.77;93.99;91.27;90.47;93.52
MAA;100.6;95.37;94.5;85.82;85.51;91.24;91.34;91.46
MHK;277.04;281.06;280.27;239.88;239.87;232.22;232.22;209.88
TAP;82.24;84.02;83.85;76.25;76.55;75.33;75.31;71.24
MDLZ;43.22;44.4;44.36;43.9;43.97;41.73;41.57;39.5
MON;117.05;121.8;121.8;123.37;123.45;116.69;116.86;125.37
MNST;63.4;68.23;67.97;63.37;57.45;57.21;56.89;55
MCO;147.96;161.79;161.67;166.88;166.72;161.3;160.96;162.2
MS;52.76;56.55;56.5;56.02;55.89;53.96;53.83;51.62
MSI;90.84;99.46;99.49;106.15;107.17;105.3;105.01;109.83
MYL;42.35;42.85;42.65;40.32;41.6;41.17;40.86;38.76
NDAQ;77.15;80.91;80.31;80.75;81;86.22;86.22;88.32
NOV;36.13;36.68;36.8;35.09;34.94;36.81;36.62;38.67
NAVI;13.45;14.25;14.19;12.96;12.73;13.12;13.12;13.26
NKTR;59.57;83.61;82.98;86.56;86.98;106.26;106.97;83.66
NTAP;55.5;61.5;61.37;60.55;60.63;61.69;60.33;66.58
NFLX;196.1;270.3;266.41;291.38;292.75;295.35;291.94;312.46
NWL;31.09;26.44;26.44;25.69;27.5;25.48;25.4;27.63
NFX;31.84;31.66;31.75;23.33;23.4;24.42;24.28;29.8
NEM;37.87;40.51;40.23;38.2;38.04;39.07;39.39;39.29
NWSA;16.3;17.11;17.02;16.13;16.11;15.8;15.76;15.98
NWS;16.65;17.45;17.3;16.4;16.3;16.1;16.1;16.25
NEE;156.43;158.42;158.61;152.15;152.7;163.33;163.94;163.91
NLSN;36.4;37.41;37.21;32.63;32.56;31.79;31.72;31.45
NKE;62.85;68.22;67.67;67.03;67.24;66.44;65.97;68.39
NI;25.64;24.68;24.7;23.13;23.16;23.91;23.96;24.39
NBL;29.4;30.52;30.6;29.83;29.91;30.3;29.94;33.83
JWN;48.76;49.31;48.9;51.31;50.65;48.41;48.29;50.56
NSC;145.96;150.88;149.28;139.08;139.45;135.78;135.57;143.47
NTRS;104.84;105.39;104.82;105.87;106.05;103.13;104.17;106.75
NOC;307.35;340.53;340.53;350.04;351.12;349.12;349.25;322.04
NCLH;53.76;60.74;60.77;56.9;57;52.97;53;53.47
NRG;28.57;26.01;25.89;25.86;26.9;30.53;30.56;31
NUE;64.21;66.96;66.65;65.4;66.49;61.09;60.8;61.62
NVDA;195.78;245.8;238.52;242;241.91;231.59;228.74;224.9
ORLY;241.34;264.69;263.01;244.19;243.63;247.38;245.48;256.07
OXY;74.01;74.97;75.02;65.6;65.7;64.96;64.86;77.26
OMC;72.66;76.65;76.22;76.23;74.76;72.67;72.53;73.66
OKE;53.76;58.86;58.98;56.33;56.35;56.92;56.76;60.22
ORCL;47.57;51.59;51.36;50.67;50.96;45.75;45.65;45.67
PCAR;72.57;74.56;74.04;71.59;71.64;66.17;65.96;63.67
PKG;121.47;125.63;125.3;119.2;119.51;112.7;111.91;115.69
PH;200.1;201.42;195.79;178.47;178.5;171.03;170.02;164.62
PAYX;68.34;68.25;68.09;65.13;63.65;61.59;61.5;60.57
PYPL;74.235;85.32;79.95;79.41;79.6;75.87;75.23;74.61
PNR;71;71.5;71;68.69;68.82;68.13;69.09;67.28
PBCT;18.83;19.67;19.62;19.14;19.11;18.66;18.67;18.29
PEP;119.93;120.3;119.92;109.73;109.21;109.15;108.62;100.94
PKI;73.71;80.16;79.87;76.34;76.37;75.72;75.62;73.36
PRGO;87.75;90.62;90.63;81.46;80.98;83.34;82.95;78.14
PFE;36.38;37.04;36.61;36.31;36.12;35.49;35.42;36.61
PCG;44.34;42.43;42.45;41.09;41.09;43.93;43.97;46.1
PM;105.82;107.23;107.04;103.55;103.67;99.4;99.59;82
PSX;101.66;102.4;102.33;90.37;90.54;95.92;95.83;111.31
PNW;85.3;79.95;79.63;76.96;76.92;79.8;79.8;80.5
PXD;174.3;182.91;183.3;170.23;170.86;171.78;170.9;201.55
PNC;145.25;158.02;157.66;157.66;157.66;151.24;151.24;145.61
RL;103.41;114.31;108.01;105.84;105.8;111.8;111;109.85
PPG;116.98;118.73;118.16;112.44;111.95;111.6;111.55;105.88
PPL;31.08;31.87;31.67;28.65;28.65;28.29;28.49;29.1
PX;154.76;161.49;159.84;149.75;149.21;144.3;144.02;152.52
PFG;71.18;67.6;67.34;62.33;62.37;60.91;60.62;59.22
PG;91.92;86.34;86.15;78.52;78.4;79.28;79.26;72.34
PGR;56.46;54.1;53.15;57.58;57.75;60.93;60.99;60.29
PLD;64.59;65.11;65.01;60.68;60.51;62.99;63.17;64.91
PRU;115.17;118.82;118.58;106.32;106.45;103.55;103.41;106.32
PEG;51.5;51.87;51.9;48.43;48.47;50.24;50.38;52.15
PSA;210.05;195.76;196.1;194.44;194.24;200.39;201.05;201.78
PHM;33.45;31.83;31.49;28.07;28.11;29.49;29.41;30.36
PVH;137.59;155.08;153;144.28;143.89;151.43;151.63;159.67
QRVO;67.06;71.77;79.32;80.71;80.83;70.45;70.07;67.4
QCOM;64.38;68.25;67;65;65.03;55.41;55.1;51.01
PWR;39.29;38.49;38.4;34.44;34.32;34.35;34.24;32.5
DGX;98.77;105.82;105.98;103.05;103.03;100.3;100.35;101.2
RRC;17.66;14.25;14.19;13.29;13.37;14.54;14.22;13.85
RJF;89.61;96.39;96.22;92.71;92.72;89.41;89.16;89.75
RTN;187.49;208.94;208.59;217.51;217.93;215.82;215.1;204.94
O;57.02;53.19;53.09;49.18;49.17;51.73;51.62;50.51
RHT;121.04;131.38;130.47;147.4;147.7;149.51;148.64;163.06
REG;69.33;62.91;62.94;58.11;57.97;58.98;58.98;58.85
REGN;379.48;366.65;366.69;320.44;320.35;344.36;342.45;303.68
RF;17.39;19.23;19.19;19.41;19.44;18.58;18.53;18.7
RSG;67.57;68.8;68.73;67.18;67.25;66.23;66.23;64.68
RMD;85.2;100.79;100.25;95.27;94.87;98.47;98.48;94.64
RHI;55.81;57.88;57.87;57.07;56.91;57.89;57.88;60.75
ROK;197.81;197.29;197.11;180.8;180.55;174.2;174.38;164.53
COL;135.8;138.49;138.31;137.72;137.76;134.85;134.9;132.54
ROP;260.44;280.59;280.41;275.09;275;280.69;280.69;264.19
ROST;80.86;82.39;81.71;78.09;77.93;77.98;77.62;80.85
RCL;120.17;133.55;133.35;126.6;126.34;117.74;118;108.19
SPGI;169.74;181.1;180.4;191.8;191.14;191.06;190.2;188.6
CRM;102.88;113.91;113.3;116.25;120.91;116.3;115.91;120.99
SBAC;163.08;174.5;174.41;157.27;157.57;170.92;171.15;160.23
SCG;39.93;40.64;40.56;39.67;39.7;37.55;37.74;36.77
SLB;68.07;73.58;73.79;65.64;65.49;64.78;64.37;68.56
STX;42.35;55.2;54.72;53.4;53.82;58.52;59;57.89
SEE;49.49;47.35;47.09;42.37;42.22;42.79;42.69;43.85
SRE;107.24;107.02;107.1;108.98;109.08;111.22;111.4;111.8
SHW;410.59;417.11;414.78;401.58;401.58;392.12;391.2;367.66
SPG;172.34;163.37;163.61;153.51;153.3;154.35;154.57;156.34
SWKS;96;97.21;98.54;109.25;109.55;100.26;99.88;86.76
SLG;101.05;100.52;100.47;96.92;96.39;96.83;96.92;97.74
SNA;174.58;171.31;170.09;159.22;158.87;147.54;147.12;145.25
SO;48.01;45.11;45.11;43.06;43.08;44.66;44.73;46.12
LUV;65.91;60.8;60.51;57.84;57.78;57.28;57.19;52.83
SWK;170.52;166.23;165.02;159.19;159.03;153.2;153.18;141.59
SBUX;57.95;56.81;56.28;57.1;57;57.89;57.52;57.57
STT;98.25;110.17;109.77;106.15;106.35;99.73;99.59;99.78
SRCL;68.29;75.36;75.31;62.67;62.68;58.53;58.5;58.71
SYK;156.65;164.38;163.85;162.16;161.82;160.92;160.92;169.42
STI;65.07;70.7;70.58;69.84;70.03;68.04;67.75;66.8
SIVB;235.89;246.55;245.28;248.98;249.71;240.01;240;299.61
SYMC;28.26;27.23;26.35;26.29;26.34;25.85;25.81;27.79
SYF;38.8;39.68;39.54;36.39;36.5;33.53;33.43;33.17
SNPS;85.9;92.61;91.89;84.67;84.67;83.24;83.01;85.51
SYY;60.69;62.87;62.57;59.65;59.59;59.96;59.88;62.54
TROW;104.44;111.63;110.62;111.9;112.24;107.97;107.54;113.82
TTWO;110.03;126.67;126.85;111.87;111.61;97.78;96.32;99.71
TPR;44.37;47.04;46.75;50.91;50.83;52.61;52.5;53.77
TGT;65.95;75.22;74.63;75.41;75.51;69.43;69.03;72.6
FTI;31.23;32.46;32.44;28.82;28.72;29.45;29.34;32.96
TXN;105.11;109.67;108.75;108.35;108.93;103.89;102.86;101.43
TXT;56.9;58.67;58.7;59.85;59.87;58.97;58.75;62.14
BK;54.27;56.7;56.68;57.03;57.04;51.53;51.26;54.51
CLX;148.79;141.69;141.58;129.08;129.08;133.11;132.44;117.2
COO;217.92;244.67;243.35;230.52;230.29;228.81;228.01;228.71
HSY;113.48;110.33;105.45;98.26;98.2;98.96;98.54;91.94
MOS;25.95;27.3;27.11;26.32;26.3;24.28;24.25;26.95
TRV;136.3;149.92;149.68;139;139.4;138.86;138.52;131.6
DIS;108.95;108.67;108.62;103.16;103.2;100.44;100.18;100.33
TMO;190.8;224.11;224.16;208.58;208.64;206.46;205.72;210.35
TIF;104.57;106.65;106.09;101.04;101.02;97.66;98.06;102.83
TWX;91.74;95.35;96.45;92.96;93.17;94.58;94.71;94.8
TJX;76.86;80.32;80.06;82.68;82.21;81.56;81.73;84.85
TMK;91.42;90.85;90.86;85.37;85.45;84.17;84.2;86.74
TSS;79.26;88.86;88.28;87.95;87.77;86.26;86.13;84.06
TSCO;75.35;76.25;72;64.93;64.8;63.02;62.55;68
TDG;275.46;316.91;315.96;288.31;288.28;306.94;305.41;320.57
TRIP;34.61;34.67;34.28;40.08;40.49;40.89;40.66;37.42
FOXA;34.77;36.9;36.91;36.82;36.82;36.69;36.46;36.56
FOX;34.38;36.49;36.49;36.42;36.55;36.37;36.13;36.07
TSN;81.12;76.11;75.75;74.38;74.36;73.19;71.76;70.1
USB;54.05;57.14;56.93;54.36;54.39;50.5;50.45;50.45
UDR;38.57;36.53;36.5;33.62;33.5;35.62;35.53;36.15
ULTA;224.44;222.1;220.6;203.35;203.62;204.27;204.28;250.91
UAA;14.59;13.86;13.78;16.58;16.69;16.35;16;17.76
UA;13.45;12.85;12.67;15.05;15.06;14.35;13.99;15.35
UNP;134.71;133.5;132.51;130.25;130.39;134.43;135.28;133.63
UAL;67.9;67.82;67.22;67.79;67.78;69.47;69.12;67.54
UNH;221.02;236.78;235.26;226.16;225.7;214;218.46;236.4
UPS;120.04;127.32;119.22;104.41;104.96;104.66;104.33;113.5
URI;172.92;181.11;180.68;175.09;174.76;172.73;172.04;150
UTX;127.9;138.01;136.99;134.74;135.2;125.82;125.65;120.15
UHS;114.16;121.5;120.99;114.2;115.51;118.41;118.41;114.2
UNM;55.44;53.19;52.39;50.96;50.9;47.61;47.67;48.38
VFC;74.42;81.14;80.37;74.57;74.49;74.12;73.85;80.87
VLO;92.19;95.97;96.42;90.42;90.53;92.77;92.25;110.93
VAR;111.14;127.5;126.78;119.34;119.5;122.65;122.68;115.59
VTR;60.08;55.97;55.93;48.32;48.18;49.53;49.67;51.42
VRSN;114.69;114.92;114.21;116.02;116.06;118.56;118.17;117.42
VRSK;96.48;100.05;99.23;102.19;102;104;103.31;106.45
VZ;53.16;54.07;54.49;47.74;47.69;47.82;47.62;49.35
VRTX;150;166.87;174.11;166.03;165.68;162.98;161.53;153.16
VIAB;30.51;33.42;33.35;33.34;33.34;31.06;30.87;30.16
V;114.57;124.23;124.74;122.94;123.26;119.62;119.27;126.88
VNO;78.31;71.68;71.71;66.47;66.17;67.3;67.41;68.03
VMC;129.75;135.4;134.61;117.73;118.36;114.17;113.83;111.69
WMT;99.3;106.6;105.96;90.01;90.17;88.97;88;88.46
WBA;73.28;75.26;74.53;68.89;69.06;65.47;65.1;66.45
WM;86.15;88.43;88.47;86.32;86.49;84.12;84;81.29
WAT;194.12;215.61;214.16;204.64;204.81;198.65;198.81;188.41
WEC;66.43;64.3;64.08;59.92;59.9;62.7;62.93;64.28
WFC;61.04;65.78;65.37;58.41;58.25;52.41;52.37;51.96
WELL;63.91;59.97;60;52.5;52.05;54.43;54.37;53.44
WDC;80.51;88.98;87.43;87.04;87.42;92.27;92.51;78.79
WU;19.06;20.79;20.71;19.82;19.84;19.23;19.19;19.75
WRK;63.65;66.63;65.18;65.76;65.54;64.17;64.02;59.16
WY;35.3;37.54;37.47;35.03;34.84;35;35.06;36.78
WHR;169.17;181.42;180.62;162.43;160.7;153.11;152.55;154.95
WMB;30.67;31.39;31.54;27.76;27.70;24.86;24.86;25.73
WLTW;156.52;160.47;160.26;157.9;158.39;152.19;152.35;148.51
WYN;116.59;124.13;123.45;115.78;116.01;114.43;114.54;114.21
WYNN;165.11;165.59;166.01;167.5;168.25;182.36;184.78;186.19
XEL;48.22;45.64;45.67;43.28;43.29;45.48;45.6;46.84
XRX;29.38;34.13;34.1;30.32;30.36;28.78;28.68;31.45
XLNX;67.9;73.02;72.77;71.25;71.38;72.24;71.86;64.24
XL;35.21;36.84;36.73;42.31;42.33;55.26;55.38;55.59
XYL;68.21;72.26;72.5;74.58;74.5;76.92;76.92;72.9
YUM;82.15;84.59;84.24;81.38;80.98;85.13;85.22;87.1
ZBH;121;127.12;126.35;116.25;116;109.04;108.89;115.17
ZION;52.17;54.03;53.79;54.97;55.11;52.73;52.64;54.75
ZTS;72.54;76.73;76.84;80.86;80.86;83.51;83.17;83.48
